{"cameraMode":{"drawMode":0,"name":"Shaded","section":"Shading Mode"},"sceneLighting":false,"audioPlay":false,"sceneViewState":{"showFog":true,"showMaterialUpdate":false,"showSkybox":false,"showFlares":true,"showImageEffects":true,"showParticleSystems":true,"showVisualEffectGraphs":true,"m_FxEnabled":true},"in2DMode":false,"pivot":{"x":5.88702392578125,"y":0.24000024795532227,"z":1.4525628089904786},"rotation":{"x":0.009519148617982865,"y":-0.8007999658584595,"z":0.5987240076065064,"w":0.01273233350366354},"size":29.331737518310548,"orthographic":false}